Date 	series 	OPEN 	HIGH 	LOW 	PREV. CLOSE 	ltp 	close 	vwap 	52W H 	52W L 	VOLUME 	VALUE 	No of trades 
31-Mar-21	EQ	"17,299.00"	"17,299.00"	"16,951.55"	"17,165.00"	"17,100.00"	"17,165.20"	"17,149.28"	"18,844.00"	"14,687.70"	110331	"1,89,20,97,580.00"	25670
30-Mar-21	EQ	"16,610.00"	"17,253.55"	"16,610.00"	"16,571.75"	"17,079.10"	"17,165.00"	"17,006.05"	"18,844.00"	"14,687.70"	148903	"2,53,22,51,812.80"	38724
26-Mar-21	EQ	"16,299.00"	"16,618.45"	"16,254.00"	"16,170.10"	"16,560.00"	"16,571.75"	"16,463.27"	"18,844.00"	"12,200.00"	126578	"2,08,38,88,146.90"	22264
25-Mar-21	EQ	"16,425.00"	"16,584.50"	"16,116.00"	"16,448.10"	"16,155.35"	"16,170.10"	"16,325.17"	"18,844.00"	"12,200.00"	108704	"1,77,46,11,621.20"	25543
24-Mar-21	EQ	"16,600.00"	"16,769.80"	"16,419.25"	"16,681.35"	"16,436.10"	"16,448.10"	"16,597.36"	"18,844.00"	"12,200.00"	75555	"1,25,40,13,356.50"	18528
23-Mar-21	EQ	"16,575.00"	"16,750.00"	"16,506.40"	"16,588.05"	"16,670.00"	"16,681.35"	"16,682.34"	"18,844.00"	"12,200.00"	100358	"1,67,42,06,109.85"	23696
22-Mar-21	EQ	"16,451.00"	"16,675.00"	"16,351.00"	"16,450.85"	"16,570.10"	"16,588.05"	"16,534.82"	"18,844.00"	"12,200.00"	108786	"1,79,87,57,212.05"	26976
19-Mar-21	EQ	"16,200.00"	"16,595.00"	"16,070.00"	"16,201.25"	"16,403.00"	"16,450.85"	"16,412.43"	"18,844.00"	"12,200.00"	199416	"3,27,29,01,948.05"	32199
18-Mar-21	EQ	"16,467.90"	"16,624.95"	"16,180.00"	"16,455.75"	"16,220.00"	"16,201.25"	"16,344.49"	"18,844.00"	"12,200.00"	96365	"1,57,50,36,305.80"	26718
17-Mar-21	EQ	"16,790.00"	"16,790.00"	"16,340.05"	"16,741.95"	"16,467.90"	"16,455.75"	"16,472.71"	"18,844.00"	"12,200.00"	157173	"2,58,90,65,013.50"	34911
16-Mar-21	EQ	"16,835.00"	"17,020.00"	"16,695.00"	"16,833.05"	"16,761.05"	"16,741.95"	"16,815.74"	"18,844.00"	"12,200.00"	84470	"1,42,04,25,730.55"	22085
15-Mar-21	EQ	"16,879.85"	"16,879.85"	"16,630.00"	"16,722.45"	"16,805.00"	"16,833.05"	"16,774.56"	"18,844.00"	"12,200.00"	68983	"1,15,71,59,637.80"	17746
12-Mar-21	EQ	"16,977.00"	"17,009.85"	"16,650.00"	"16,931.45"	"16,684.05"	"16,722.45"	"16,845.94"	"18,844.00"	"12,200.00"	84914	"1,43,04,56,211.25"	17588
10-Mar-21	EQ	"16,949.70"	"17,000.00"	"16,785.00"	"16,910.80"	"16,926.95"	"16,931.45"	"16,897.86"	"18,844.00"	"12,200.00"	63788	"1,07,78,80,999.50"	15905
09-Mar-21	EQ	"16,910.20"	"16,949.95"	"16,660.00"	"16,852.45"	"16,875.00"	"16,910.80"	"16,794.14"	"18,844.00"	"12,200.00"	92717	"1,55,71,02,659.40"	19365
08-Mar-21	EQ	"16,725.05"	"16,900.00"	"16,607.00"	"16,782.90"	"16,868.90"	"16,852.45"	"16,822.57"	"18,844.00"	"12,200.00"	91842	"1,54,50,18,573.00"	16770
05-Mar-21	EQ	"16,516.00"	"16,840.00"	"16,456.00"	"16,661.80"	"16,780.00"	"16,782.90"	"16,724.89"	"18,844.00"	"12,200.00"	102741	"1,71,83,31,806.40"	25164
04-Mar-21	EQ	"16,656.55"	"16,707.95"	"16,445.00"	"16,699.25"	"16,679.90"	"16,661.80"	"16,624.52"	"18,844.00"	"12,200.00"	129981	"2,16,08,72,024.50"	25397
03-Mar-21	EQ	"16,705.00"	"16,720.00"	"16,546.65"	"16,576.15"	"16,687.05"	"16,699.25"	"16,641.99"	"18,844.00"	"12,200.00"	92873	"1,54,55,91,139.25"	22390
02-Mar-21	EQ	"16,302.00"	"16,620.00"	"16,289.75"	"16,292.45"	"16,611.00"	"16,576.15"	"16,482.25"	"18,844.00"	"12,200.00"	123097	"2,02,89,15,211.90"	25127
01-Mar-21	EQ	"16,236.00"	"16,367.60"	"16,100.00"	"16,101.60"	"16,301.00"	"16,292.45"	"16,207.66"	"18,844.00"	"12,200.00"	90718	"1,47,03,26,921.55"	20696
26-Feb-21	EQ	"16,050.50"	"16,284.40"	"16,003.90"	"16,113.90"	"16,074.00"	"16,101.60"	"16,114.97"	"18,844.00"	"12,200.00"	226873	"3,65,60,52,194.25"	44123
25-Feb-21	EQ	"16,306.00"	"16,373.30"	"16,100.00"	"16,346.15"	"16,119.85"	"16,113.90"	"16,152.15"	"18,844.00"	"12,200.00"	185713	"2,99,96,64,353.35"	36318
24-Feb-21	EQ	"16,283.00"	"16,378.00"	"16,100.00"	"16,169.95"	"16,375.00"	"16,346.15"	"16,178.23"	"18,844.00"	"12,200.00"	84342	"1,36,45,04,299.70"	13314
23-Feb-21	EQ	"16,131.00"	"16,255.00"	"16,002.10"	"16,096.30"	"16,175.00"	"16,169.95"	"16,126.78"	"18,844.00"	"12,200.00"	142998	"2,30,60,97,102.75"	25939
22-Feb-21	EQ	"16,411.05"	"16,530.00"	"16,024.60"	"16,376.40"	"16,104.00"	"16,096.30"	"16,193.87"	"18,844.00"	"12,200.00"	214915	"3,48,03,04,571.55"	40927
19-Feb-21	EQ	"16,430.00"	"16,464.70"	"16,212.95"	"16,364.70"	"16,430.05"	"16,376.40"	"16,345.82"	"18,844.00"	"12,200.00"	130275	"2,12,94,51,634.35"	29439
18-Feb-21	EQ	"16,756.00"	"16,900.00"	"16,300.00"	"16,741.20"	"16,430.00"	"16,364.70"	"16,477.73"	"18,844.00"	"12,200.00"	251066	"4,13,69,96,906.15"	46881
17-Feb-21	EQ	"16,900.00"	"16,900.00"	"16,350.00"	"17,217.25"	"16,700.00"	"16,741.20"	"16,637.70"	"18,844.00"	"12,200.00"	599343	"9,97,16,88,252.10"	97399
16-Feb-21	EQ	"17,555.00"	"17,646.00"	"17,139.10"	"17,479.85"	"17,200.00"	"17,217.25"	"17,304.64"	"18,844.00"	"12,200.00"	229774	"3,97,61,55,431.30"	41851
15-Feb-21	EQ	"17,349.00"	"17,506.75"	"17,258.05"	"17,294.30"	"17,500.00"	"17,479.85"	"17,447.12"	"18,844.00"	"12,200.00"	110119	"1,92,12,58,936.55"	22833
12-Feb-21	EQ	"17,410.10"	"17,519.00"	"17,240.00"	"17,412.25"	"17,240.00"	"17,294.30"	"17,364.00"	"18,844.00"	"12,200.00"	54528	"94,68,23,997.65"	11361
11-Feb-21	EQ	"17,189.90"	"17,447.45"	"17,150.00"	"17,177.35"	"17,396.10"	"17,412.25"	"17,344.00"	"18,844.00"	"12,200.00"	65366	"1,13,37,08,016.40"	14706
10-Feb-21	EQ	"17,340.20"	"17,436.80"	"17,086.50"	"17,318.95"	"17,215.00"	"17,177.35"	"17,222.24"	"18,844.00"	"12,200.00"	116576	"2,00,76,99,735.60"	31207
09-Feb-21	EQ	"17,211.00"	"17,510.00"	"17,150.00"	"17,218.20"	"17,336.20"	"17,318.95"	"17,381.32"	"18,844.00"	"12,200.00"	121012	"2,10,33,48,150.35"	26632
08-Feb-21	EQ	"17,180.00"	"17,284.90"	"17,101.15"	"17,115.75"	"17,192.00"	"17,218.20"	"17,208.48"	"18,844.00"	"12,200.00"	121607	"2,09,26,71,979.80"	27272
05-Feb-21	EQ	"17,131.05"	"17,167.20"	"17,003.00"	"17,074.00"	"17,110.00"	"17,115.75"	"17,073.40"	"18,844.00"	"12,200.00"	98097	"1,67,48,49,753.45"	20251
04-Feb-21	EQ	"17,199.90"	"17,226.95"	"17,052.45"	"17,166.40"	"17,078.00"	"17,074.00"	"17,108.27"	"18,844.00"	"12,200.00"	92100	"1,57,56,71,976.60"	25269
03-Feb-21	EQ	"17,200.05"	"17,289.00"	"17,051.00"	"17,190.30"	"17,121.00"	"17,166.40"	"17,176.91"	"18,844.00"	"12,200.00"	112325	"1,92,93,96,794.35"	20785
02-Feb-21	EQ	"17,150.05"	"17,350.00"	"17,054.50"	"17,087.70"	"17,185.00"	"17,190.30"	"17,213.21"	"18,844.00"	"12,200.00"	130298	"2,24,28,46,639.90"	22001
01-Feb-21	EQ	"17,200.00"	"17,275.70"	"17,000.00"	"17,060.00"	"17,139.00"	"17,087.70"	"17,109.82"	"18,844.00"	"12,200.00"	84406	"1,44,41,71,140.90"	23144
29-Jan-21	EQ	"17,385.05"	"17,467.85"	"16,961.30"	"17,387.65"	"17,150.00"	"17,060.00"	"17,224.84"	"18,844.00"	"12,200.00"	112888	"1,94,44,77,791.55"	21728
28-Jan-21	EQ	"17,470.00"	"17,520.00"	"17,203.00"	"17,538.10"	"17,306.00"	"17,387.65"	"17,395.49"	"18,844.00"	"12,200.00"	89055	"1,54,91,55,556.60"	24579
27-Jan-21	EQ	"17,472.95"	"17,597.70"	"17,340.25"	"17,415.25"	"17,525.00"	"17,538.10"	"17,482.26"	"18,844.00"	"12,200.00"	66402	"1,16,08,57,052.90"	17875
25-Jan-21	EQ	"17,652.00"	"17,700.00"	"17,229.85"	"17,589.60"	"17,400.00"	"17,415.25"	"17,359.48"	"18,844.00"	"12,200.00"	116436	"2,02,12,68,562.15"	27225
22-Jan-21	EQ	"17,784.00"	"17,882.30"	"17,550.00"	"17,716.30"	"17,639.00"	"17,589.60"	"17,691.35"	"18,844.00"	"12,200.00"	98250	"1,73,81,74,989.85"	26508
21-Jan-21	EQ	"17,770.00"	"17,900.00"	"17,655.35"	"17,681.30"	"17,752.90"	"17,716.30"	"17,771.31"	"18,844.00"	"12,200.00"	70977	"1,26,13,54,098.25"	20312
20-Jan-21	EQ	"17,767.00"	"17,940.00"	"17,623.05"	"17,754.70"	"17,682.00"	"17,681.30"	"17,752.99"	"18,844.00"	"12,200.00"	73831	"1,31,07,21,300.00"	18688
19-Jan-21	EQ	"17,730.00"	"17,820.50"	"17,670.00"	"17,630.70"	"17,770.50"	"17,754.70"	"17,743.87"	"18,844.00"	"12,200.00"	62849	"1,11,51,84,514.05"	12794
18-Jan-21	EQ	"17,849.95"	"18,074.00"	"17,556.75"	"17,834.00"	"17,599.95"	"17,630.70"	"17,820.53"	"18,844.00"	"12,200.00"	120674	"2,15,04,75,038.65"	25960
15-Jan-21	EQ	"18,110.05"	"18,249.00"	"17,800.00"	"18,132.60"	"17,855.00"	"17,834.00"	"17,986.44"	"18,844.00"	"12,200.00"	96401	"1,73,39,11,181.20"	23718
14-Jan-21	EQ	"18,049.00"	"18,229.40"	"18,049.00"	"18,019.30"	"18,109.60"	"18,132.60"	"18,129.19"	"18,844.00"	"12,200.00"	58488	"1,06,03,40,270.85"	15815
13-Jan-21	EQ	"18,039.95"	"18,275.00"	"17,965.00"	"17,999.10"	"18,015.00"	"18,019.30"	"18,094.19"	"18,844.00"	"12,200.00"	109387	"1,97,92,68,816.75"	24012
12-Jan-21	EQ	"18,410.00"	"18,439.95"	"17,950.00"	"18,391.45"	"18,000.00"	"17,999.10"	"18,097.99"	"18,844.00"	"12,200.00"	141566	"2,56,20,60,731.35"	34213
11-Jan-21	EQ	"18,350.00"	"18,545.85"	"18,188.10"	"18,306.25"	"18,410.00"	"18,391.45"	"18,358.02"	"18,844.00"	"12,200.00"	114555	"2,10,30,02,869.20"	31931
08-Jan-21	EQ	"18,227.30"	"18,350.00"	"18,000.00"	"18,127.30"	"18,302.10"	"18,306.25"	"18,153.68"	"18,844.00"	"12,200.00"	151635	"2,75,27,33,293.30"	36021
07-Jan-21	EQ	"18,599.00"	"18,615.00"	"18,050.10"	"18,515.25"	"18,137.00"	"18,127.30"	"18,244.28"	"18,844.00"	"12,200.00"	120605	"2,20,03,50,821.30"	28858
06-Jan-21	EQ	"18,510.05"	"18,600.00"	"18,430.00"	"18,558.25"	"18,490.05"	"18,515.25"	"18,506.03"	"18,844.00"	"12,200.00"	57706	"1,06,79,08,952.95"	16111
05-Jan-21	EQ	"18,343.50"	"18,620.00"	"18,278.05"	"18,377.95"	"18,598.10"	"18,558.25"	"18,475.31"	"18,844.00"	"12,200.00"	83673	"1,54,58,84,545.50"	19901
04-Jan-21	EQ	"18,495.00"	"18,630.00"	"18,329.75"	"18,450.70"	"18,396.55"	"18,377.95"	"18,449.23"	"18,844.00"	"12,200.00"	62035	"1,14,44,97,688.20"	15602
01-Jan-21	EQ	"18,389.70"	"18,520.00"	"18,306.05"	"18,390.25"	"18,425.00"	"18,450.70"	"18,434.26"	"18,844.00"	"12,200.00"	50286	"92,69,85,279.15"	12539
31-Dec-20	EQ	"18,278.05"	"18,450.00"	"18,257.50"	"18,379.25"	"18,377.00"	"18,390.25"	"18,356.17"	"18,844.00"	"12,200.00"	85442	"1,56,83,88,288.40"	18546
30-Dec-20	EQ	"18,399.50"	"18,468.00"	"18,230.00"	"18,262.65"	"18,427.05"	"18,379.25"	"18,329.55"	"18,844.00"	"12,200.00"	93654	"1,71,66,35,219.20"	25109
29-Dec-20	EQ	"18,620.00"	"18,700.00"	"18,175.40"	"18,597.35"	"18,270.05"	"18,262.65"	"18,334.69"	"18,844.00"	"12,200.00"	198714	"3,64,33,59,907.00"	36966
28-Dec-20	EQ	"18,844.00"	"18,844.00"	"18,520.00"	"18,566.35"	"18,600.00"	"18,597.35"	"18,615.94"	"18,844.00"	"12,200.00"	65357	"1,21,66,81,690.00"	13526
24-Dec-20	EQ	"18,612.20"	"18,830.00"	"18,372.60"	"18,732.70"	"18,580.00"	"18,566.35"	"18,546.39"	"18,830.00"	"12,200.00"	125437	"2,32,64,04,102.45"	25355
23-Dec-20	EQ	"18,555.05"	"18,812.00"	"18,514.95"	"18,553.55"	"18,720.00"	"18,732.70"	"18,683.52"	"18,812.00"	"12,200.00"	102845	"1,92,15,06,374.55"	22942
22-Dec-20	EQ	"18,200.00"	"18,665.00"	"18,000.00"	"18,192.60"	"18,609.90"	"18,553.55"	"18,308.73"	"18,734.95"	"12,200.00"	132774	"2,43,09,23,204.90"	33400
21-Dec-20	EQ	"18,262.75"	"18,525.00"	"18,101.00"	"18,362.75"	"18,101.00"	"18,192.60"	"18,328.76"	"18,734.95"	"12,200.00"	142222	"2,60,67,52,225.10"	30855
18-Dec-20	EQ	"18,395.00"	"18,599.00"	"18,158.00"	"18,305.35"	"18,238.30"	"18,362.75"	"18,425.73"	"18,734.95"	"12,200.00"	249790	"4,60,25,63,706.55"	39197
17-Dec-20	EQ	"18,338.00"	"18,395.15"	"18,136.80"	"18,323.45"	"18,308.35"	"18,305.35"	"18,308.03"	"18,734.95"	"12,200.00"	98104	"1,79,60,90,529.25"	25132
16-Dec-20	EQ	"18,398.00"	"18,734.95"	"18,250.15"	"18,189.90"	"18,340.00"	"18,323.45"	"18,462.97"	"18,734.95"	"12,200.00"	221607	"4,09,15,23,901.75"	41641
15-Dec-20	EQ	"18,460.30"	"18,550.00"	"18,130.85"	"18,591.80"	"18,210.00"	"18,189.90"	"18,310.51"	"18,679.00"	"12,200.00"	135755	"2,48,57,43,591.90"	33060
14-Dec-20	EQ	"18,354.70"	"18,679.00"	"18,300.00"	"18,401.10"	"18,561.95"	"18,591.80"	"18,569.51"	"18,679.00"	"12,200.00"	130713	"2,42,72,76,802.35"	28893
11-Dec-20	EQ	"18,300.00"	"18,460.00"	"18,200.00"	"18,352.70"	"18,354.70"	"18,401.10"	"18,332.58"	"18,460.00"	"12,200.00"	162941	"2,98,71,28,414.25"	31963
10-Dec-20	EQ	"17,607.00"	"18,404.00"	"17,562.20"	"17,569.15"	"18,300.00"	"18,352.70"	"18,092.52"	"18,404.00"	"12,200.00"	304461	"5,50,84,66,910.40"	65291
09-Dec-20	EQ	"17,543.60"	"17,641.70"	"17,481.15"	"17,519.45"	"17,590.00"	"17,569.15"	"17,554.58"	"18,369.95"	"12,200.00"	89503	"1,57,11,87,962.05"	19537
08-Dec-20	EQ	"17,674.00"	"17,729.40"	"17,386.25"	"17,562.55"	"17,535.00"	"17,519.45"	"17,510.81"	"18,369.95"	"12,200.00"	118699	"2,07,85,16,000.20"	30881
07-Dec-20	EQ	"17,651.00"	"17,900.00"	"17,449.85"	"17,828.70"	"17,572.50"	"17,562.55"	"17,594.03"	"18,369.95"	"12,200.00"	126030	"2,21,73,76,163.00"	28304
04-Dec-20	EQ	"17,550.00"	"17,877.50"	"17,520.00"	"17,492.15"	"17,802.00"	"17,828.70"	"17,693.38"	"18,369.95"	"12,200.00"	124700	"2,20,63,64,923.65"	28942
03-Dec-20	EQ	"17,450.00"	"17,540.05"	"17,316.00"	"17,266.45"	"17,500.00"	"17,492.15"	"17,439.07"	"18,369.95"	"12,200.00"	127275	"2,21,95,57,963.35"	29190
02-Dec-20	EQ	"17,418.15"	"17,449.80"	"17,150.00"	"17,418.15"	"17,244.25"	"17,266.45"	"17,274.51"	"18,369.95"	"12,200.00"	161952	"2,79,76,41,068.55"	39684
01-Dec-20	EQ	"18,067.80"	"18,067.90"	"17,331.55"	"17,888.95"	"17,430.00"	"17,418.15"	"17,470.08"	"18,369.95"	"12,200.00"	235086	"4,10,69,71,584.95"	66204
27-Nov-20	EQ	"17,850.00"	"18,068.90"	"16,949.75"	"17,741.95"	"16,971.20"	"17,888.95"	"17,881.65"	"18,369.95"	"12,200.00"	1106746	"19,79,04,40,996.45"	87981
26-Nov-20	EQ	"17,599.00"	"17,839.00"	"17,280.00"	"17,520.20"	"17,750.00"	"17,741.95"	"17,503.23"	"18,369.95"	"12,200.00"	145376	"2,54,45,50,073.60"	30088
25-Nov-20	EQ	"17,789.00"	"17,789.00"	"17,340.00"	"17,677.60"	"17,457.15"	"17,520.20"	"17,495.98"	"18,369.95"	"12,200.00"	106508	"1,86,34,61,431.10"	24736
24-Nov-20	EQ	"17,750.00"	"17,971.20"	"17,600.00"	"17,786.40"	"17,635.00"	"17,677.60"	"17,789.68"	"18,369.95"	"12,200.00"	214497	"3,81,58,33,733.35"	36380
23-Nov-20	EQ	"17,461.00"	"17,848.90"	"17,460.40"	"17,460.40"	"17,717.45"	"17,786.40"	"17,728.10"	"18,369.95"	"12,200.00"	202645	"3,59,25,11,161.00"	38322
20-Nov-20	EQ	"17,050.00"	"17,500.00"	"16,915.15"	"16,934.15"	"17,400.00"	"17,460.40"	"17,373.27"	"18,369.95"	"12,200.00"	254010	"4,41,29,83,849.20"	55439
19-Nov-20	EQ	"16,840.00"	"17,200.00"	"16,786.05"	"16,872.60"	"16,924.80"	"16,934.15"	"17,072.47"	"18,369.95"	"12,200.00"	180222	"3,07,68,33,850.25"	34471
18-Nov-20	EQ	"16,950.00"	"16,969.40"	"16,671.85"	"16,982.85"	"16,800.00"	"16,872.60"	"16,812.71"	"18,369.95"	"12,200.00"	144633	"2,43,16,72,110.35"	39674
17-Nov-20	EQ	"16,950.00"	"17,065.85"	"16,853.05"	"16,838.15"	"16,975.00"	"16,982.85"	"16,972.72"	"18,369.95"	"12,200.00"	119504	"2,02,83,07,956.90"	31415
14-Nov-20	EQ	"16,899.00"	"16,899.00"	"16,751.00"	"16,825.65"	"16,835.00"	"16,838.15"	"16,837.00"	"18,369.95"	"12,200.00"	10447	"17,58,96,119.40"	2907
13-Nov-20	EQ	"16,725.00"	"16,890.00"	"16,650.00"	"16,718.60"	"16,831.00"	"16,825.65"	"16,812.96"	"18,369.95"	"12,200.00"	74273	"1,24,87,49,335.35"	18925
12-Nov-20	EQ	"16,799.00"	"16,900.00"	"16,533.60"	"16,697.60"	"16,720.05"	"16,718.60"	"16,694.14"	"18,369.95"	"12,200.00"	147831	"2,46,79,11,124.40"	32745
11-Nov-20	EQ	"16,670.00"	"16,828.05"	"16,475.00"	"16,604.75"	"16,690.15"	"16,697.60"	"16,601.63"	"18,369.95"	"12,200.00"	248311	"4,12,23,67,884.05"	48998
10-Nov-20	EQ	"17,332.00"	"17,332.00"	"16,582.85"	"17,332.00"	"16,669.00"	"16,604.75"	"16,745.89"	"18,369.95"	"12,200.00"	289666	"4,85,07,14,630.10"	78874
09-Nov-20	EQ	"17,148.00"	"17,370.00"	"17,002.00"	"17,006.65"	"17,335.00"	"17,332.00"	"17,196.68"	"18,369.95"	"12,200.00"	111432	"1,91,62,60,893.05"	34315
06-Nov-20	EQ	"17,240.00"	"17,279.85"	"16,903.10"	"17,221.30"	"17,033.00"	"17,006.65"	"17,010.42"	"18,369.95"	"12,200.00"	119003	"2,02,42,90,852.00"	34969
05-Nov-20	EQ	"17,100.00"	"17,399.00"	"17,020.80"	"16,997.10"	"17,224.95"	"17,221.30"	"17,243.33"	"18,369.95"	"12,200.00"	101747	"1,75,44,57,581.10"	29051
04-Nov-20	EQ	"17,000.00"	"17,200.00"	"16,825.00"	"16,892.50"	"16,999.00"	"16,997.10"	"17,052.48"	"18,369.95"	"12,200.00"	97909	"1,66,95,91,263.35"	26090
03-Nov-20	EQ	"17,239.00"	"17,269.95"	"16,760.00"	"17,114.95"	"16,919.00"	"16,892.50"	"16,973.51"	"18,369.95"	"12,200.00"	104743	"1,77,78,56,778.35"	29221
02-Nov-20	EQ	"17,201.00"	"17,360.00"	"16,940.00"	"17,161.60"	"17,050.05"	"17,114.95"	"17,101.17"	"18,369.95"	"12,200.00"	84764	"1,44,95,63,305.40"	21870
30-Oct-20	EQ	"16,891.00"	"17,360.00"	"16,890.00"	"16,870.60"	"17,150.00"	"17,161.60"	"17,194.41"	"18,369.95"	"12,200.00"	239318	"4,11,49,32,569.65"	54797
29-Oct-20	EQ	"16,780.05"	"17,215.95"	"16,711.85"	"17,119.15"	"16,845.00"	"16,870.60"	"16,954.38"	"18,369.95"	"12,200.00"	136561	"2,31,53,07,669.80"	38868
28-Oct-20	EQ	"17,150.00"	"17,295.00"	"16,934.30"	"17,229.85"	"17,002.00"	"17,119.15"	"17,112.73"	"18,369.95"	"12,200.00"	163263	"2,79,38,76,252.50"	46298
27-Oct-20	EQ	"16,480.00"	"17,300.00"	"16,395.55"	"16,259.35"	"17,230.00"	"17,229.85"	"16,987.13"	"18,369.95"	"12,200.00"	493572	"8,38,43,72,921.25"	113454
26-Oct-20	EQ	"16,200.00"	"16,375.00"	"16,052.15"	"15,865.45"	"16,273.45"	"16,259.35"	"16,230.37"	"18,369.95"	"12,200.00"	346011	"5,61,58,88,135.90"	72728
23-Oct-20	EQ	"15,930.00"	"16,066.00"	"15,807.25"	"15,909.45"	"15,860.00"	"15,865.45"	"15,888.46"	"18,369.95"	"12,200.00"	73600	"1,16,93,90,632.50"	21926
22-Oct-20	EQ	"15,990.05"	"16,081.10"	"15,768.05"	"16,030.85"	"15,850.00"	"15,909.45"	"15,873.92"	"18,369.95"	"12,200.00"	113586	"1,80,30,55,560.20"	30670
21-Oct-20	EQ	"16,240.00"	"16,314.45"	"15,942.05"	"16,252.55"	"15,976.10"	"16,030.85"	"16,116.84"	"18,369.95"	"12,200.00"	150095	"2,41,90,56,968.00"	40939
20-Oct-20	EQ	"15,900.00"	"16,410.00"	"15,850.00"	"16,093.15"	"16,236.00"	"16,252.55"	"16,217.31"	"18,369.95"	"12,200.00"	203345	"3,29,77,09,704.10"	49758
19-Oct-20	EQ	"15,550.00"	"16,178.00"	"15,425.05"	"15,430.25"	"16,119.95"	"16,093.15"	"15,891.49"	"18,369.95"	"12,200.00"	182795	"2,90,48,84,341.40"	44919
16-Oct-20	EQ	"15,650.00"	"15,820.40"	"15,375.00"	"15,602.75"	"15,462.00"	"15,430.25"	"15,542.01"	"18,369.95"	"12,200.00"	132361	"2,05,71,56,431.10"	27747
15-Oct-20	EQ	"15,700.00"	"15,788.00"	"15,561.80"	"15,673.05"	"15,572.05"	"15,602.75"	"15,670.53"	"18,369.95"	"12,200.00"	50244	"78,73,49,951.45"	15448
14-Oct-20	EQ	"15,674.00"	"15,820.00"	"15,550.00"	"15,673.00"	"15,675.00"	"15,673.05"	"15,692.88"	"18,369.95"	"12,200.00"	66595	"1,04,50,67,576.85"	16088
13-Oct-20	EQ	"15,880.00"	"15,979.25"	"15,652.00"	"15,902.20"	"15,690.00"	"15,673.00"	"15,787.97"	"18,369.95"	"12,200.00"	76235	"1,20,35,96,252.85"	16556
12-Oct-20	EQ	"16,100.00"	"16,149.60"	"15,860.00"	"16,034.10"	"15,899.95"	"15,902.20"	"15,946.18"	"18,369.95"	"12,200.00"	58171	"92,76,05,144.70"	13823
09-Oct-20	EQ	"16,250.00"	"16,350.00"	"15,985.00"	"16,304.60"	"16,033.00"	"16,034.10"	"16,097.65"	"18,369.95"	"12,200.00"	74246	"1,19,51,86,097.65"	19817
08-Oct-20	EQ	"16,100.00"	"16,330.00"	"16,052.05"	"16,114.40"	"16,275.00"	"16,304.60"	"16,200.12"	"18,369.95"	"12,200.00"	78576	"1,27,29,40,775.95"	21997
07-Oct-20	EQ	"15,956.20"	"16,124.95"	"15,854.65"	"15,876.85"	"16,099.00"	"16,114.40"	"16,039.20"	"18,369.95"	"12,200.00"	99647	"1,59,82,58,154.20"	21575
06-Oct-20	EQ	"16,033.00"	"16,128.00"	"15,834.05"	"16,033.15"	"15,899.60"	"15,876.85"	"15,985.85"	"18,369.95"	"12,200.00"	75278	"1,20,33,82,625.50"	14485
05-Oct-20	EQ	"15,998.00"	"16,140.00"	"15,732.35"	"16,000.50"	"16,079.00"	"16,033.15"	"16,028.47"	"18,369.95"	"12,200.00"	71081	"1,13,93,20,016.75"	18268
01-Oct-20	EQ	"15,919.00"	"16,050.00"	"15,797.60"	"15,918.65"	"16,000.00"	"16,000.50"	"15,956.42"	"18,369.95"	"12,200.00"	62638	"99,94,77,991.75"	15751
30-Sep-20	EQ	"15,629.95"	"16,028.75"	"15,605.05"	"15,620.85"	"15,923.00"	"15,918.65"	"15,890.68"	"18,369.95"	"12,200.00"	103502	"1,64,47,17,431.45"	23347
29-Sep-20	EQ	"15,800.00"	"15,851.05"	"15,575.00"	"15,719.80"	"15,595.00"	"15,620.85"	"15,688.05"	"18,369.95"	"12,200.00"	48179	"75,58,34,635.30"	11723
28-Sep-20	EQ	"15,820.00"	"15,870.55"	"15,620.15"	"15,736.80"	"15,719.00"	"15,719.80"	"15,754.56"	"18,369.95"	"12,200.00"	54411	"85,72,21,436.35"	13517
25-Sep-20	EQ	"15,495.00"	"15,830.00"	"15,301.00"	"15,258.85"	"15,735.00"	"15,736.80"	"15,669.98"	"18,369.95"	"12,200.00"	178269	"2,79,34,72,172.95"	34143
24-Sep-20	EQ	"15,348.00"	"15,438.30"	"15,175.00"	"15,366.05"	"15,210.60"	"15,258.85"	"15,324.44"	"18,369.95"	"12,200.00"	111275	"1,70,52,26,697.35"	24401
23-Sep-20	EQ	"15,200.05"	"15,398.95"	"15,130.00"	"15,199.25"	"15,380.00"	"15,366.05"	"15,318.91"	"18,369.95"	"12,200.00"	131430	"2,01,33,64,430.40"	25731
22-Sep-20	EQ	"15,430.00"	"15,430.00"	"15,100.00"	"15,430.75"	"15,214.80"	"15,199.25"	"15,221.30"	"18,369.95"	"12,200.00"	107120	"1,63,05,05,849.15"	26210
21-Sep-20	EQ	"16,025.00"	"16,049.50"	"15,154.50"	"16,087.05"	"15,375.05"	"15,430.75"	"15,565.59"	"18,369.95"	"12,200.00"	277176	"4,31,44,07,316.10"	51790
18-Sep-20	EQ	"16,250.00"	"16,250.00"	"15,925.00"	"16,121.35"	"16,160.00"	"16,087.05"	"16,052.97"	"18,369.95"	"12,200.00"	197351	"3,16,80,68,787.25"	23970
17-Sep-20	EQ	"16,240.00"	"16,298.80"	"16,090.00"	"16,197.80"	"16,118.00"	"16,121.35"	"16,195.92"	"18,369.95"	"12,200.00"	100681	"1,63,06,21,415.55"	19375
16-Sep-20	EQ	"16,066.50"	"16,225.00"	"16,050.00"	"16,040.95"	"16,184.30"	"16,197.80"	"16,160.04"	"18,369.95"	"12,200.00"	124268	"2,00,81,75,742.55"	18171
15-Sep-20	EQ	"16,090.00"	"16,165.90"	"16,012.00"	"16,083.30"	"16,040.00"	"16,040.95"	"16,083.17"	"18,369.95"	"12,200.00"	94985	"1,52,76,60,320.50"	18952
14-Sep-20	EQ	"16,400.00"	"16,400.00"	"16,040.05"	"16,325.35"	"16,069.00"	"16,083.30"	"16,149.90"	"18,369.95"	"12,200.00"	102927	"1,66,22,61,187.80"	23646
11-Sep-20	EQ	"16,400.00"	"16,400.00"	"16,204.00"	"16,420.70"	"16,321.15"	"16,325.35"	"16,297.49"	"18,369.95"	"12,200.00"	81228	"1,32,38,12,224.60"	22080
10-Sep-20	EQ	"16,261.25"	"16,450.00"	"16,201.25"	"16,312.50"	"16,417.00"	"16,420.70"	"16,343.72"	"18,369.95"	"12,200.00"	77208	"1,26,18,66,155.75"	20530
09-Sep-20	EQ	"16,000.00"	"16,350.00"	"16,000.00"	"16,126.50"	"16,279.55"	"16,312.50"	"16,247.47"	"18,369.95"	"12,200.00"	135800	"2,20,64,06,556.15"	26670
08-Sep-20	EQ	"16,369.60"	"16,369.60"	"16,100.00"	"16,403.50"	"16,155.05"	"16,126.50"	"16,203.33"	"18,369.95"	"12,200.00"	105449	"1,70,86,24,508.20"	25892
07-Sep-20	EQ	"16,241.00"	"16,515.00"	"15,972.10"	"16,232.60"	"16,370.00"	"16,403.50"	"16,364.33"	"18,369.95"	"12,200.00"	104808	"1,71,51,13,177.50"	22554
04-Sep-20	EQ	"16,155.00"	"16,423.90"	"16,150.00"	"16,393.75"	"16,239.80"	"16,232.60"	"16,271.41"	"18,369.95"	"12,200.00"	98932	"1,60,97,62,746.30"	24778
03-Sep-20	EQ	"16,050.00"	"16,439.60"	"15,921.25"	"15,992.55"	"16,375.00"	"16,393.75"	"16,197.03"	"18,369.95"	"12,200.00"	133887	"2,16,85,72,261.45"	32333
02-Sep-20	EQ	"16,191.00"	"16,260.00"	"15,970.00"	"16,196.90"	"16,000.00"	"15,992.55"	"16,068.96"	"18,369.95"	"12,200.00"	106192	"1,70,63,94,501.85"	23374
01-Sep-20	EQ	"15,995.00"	"16,254.95"	"15,739.90"	"15,949.55"	"16,224.70"	"16,196.90"	"16,012.27"	"18,369.95"	"12,200.00"	176947	"2,83,33,23,208.90"	35134
31-Aug-20	EQ	"16,215.00"	"16,287.00"	"15,875.00"	"16,101.25"	"15,995.00"	"15,949.55"	"16,088.44"	"18,369.95"	"12,200.00"	221309	"3,56,05,17,422.85"	47267
28-Aug-20	EQ	"16,156.00"	"16,368.00"	"16,090.00"	"16,113.70"	"16,110.00"	"16,101.25"	"16,216.55"	"18,369.95"	"12,200.00"	148489	"2,40,79,79,695.70"	39334
27-Aug-20	EQ	"16,235.00"	"16,240.30"	"16,085.00"	"16,190.05"	"16,141.00"	"16,113.70"	"16,143.19"	"18,369.95"	"12,200.00"	127656	"2,06,07,74,918.40"	30190
26-Aug-20	EQ	"16,290.50"	"16,348.35"	"16,170.00"	"16,288.20"	"16,202.40"	"16,190.05"	"16,209.86"	"18,369.95"	"12,200.00"	116523	"1,88,88,21,661.60"	28065
25-Aug-20	EQ	"16,456.00"	"16,477.95"	"16,265.00"	"16,478.80"	"16,300.00"	"16,288.20"	"16,320.87"	"18,369.95"	"12,200.00"	108869	"1,77,68,36,629.65"	26277
24-Aug-20	EQ	"16,580.00"	"16,707.90"	"16,401.00"	"16,561.95"	"16,455.00"	"16,478.80"	"16,600.80"	"18,369.95"	"12,200.00"	74073	"1,22,96,71,022.85"	20813
21-Aug-20	EQ	"16,322.50"	"16,690.00"	"16,250.00"	"16,211.95"	"16,588.00"	"16,561.95"	"16,524.00"	"18,369.95"	"11,916.70"	144151	"2,38,19,51,741.20"	35405
20-Aug-20	EQ	"16,300.00"	"16,340.00"	"16,185.25"	"16,345.75"	"16,235.00"	"16,211.95"	"16,245.26"	"18,369.95"	"11,916.70"	98085	"1,59,34,16,522.10"	26989
19-Aug-20	EQ	"16,500.00"	"16,553.25"	"16,315.50"	"16,554.60"	"16,370.00"	"16,345.75"	"16,388.22"	"18,369.95"	"11,916.70"	125007	"2,04,86,42,323.30"	30259
18-Aug-20	EQ	"16,400.00"	"16,624.60"	"16,311.00"	"16,422.90"	"16,545.00"	"16,554.60"	"16,436.51"	"18,369.95"	"11,916.70"	104410	"1,71,61,36,315.05"	22733
17-Aug-20	EQ	"16,450.00"	"16,524.50"	"16,313.75"	"16,354.70"	"16,426.50"	"16,422.90"	"16,428.89"	"18,369.95"	"11,916.70"	62584	"1,02,81,85,852.45"	15569
14-Aug-20	EQ	"16,487.00"	"16,549.00"	"16,305.05"	"16,474.20"	"16,385.00"	"16,354.70"	"16,419.60"	"18,369.95"	"11,820.05"	59434	"97,58,82,539.55"	18197
13-Aug-20	EQ	"16,462.00"	"16,661.95"	"16,458.40"	"16,540.85"	"16,486.00"	"16,474.20"	"16,516.78"	"18,369.95"	"11,820.05"	66303	"1,09,51,12,101.20"	15518
12-Aug-20	EQ	"16,582.05"	"16,622.05"	"16,450.00"	"16,622.80"	"16,560.00"	"16,540.85"	"16,519.23"	"18,369.95"	"11,820.05"	82169	"1,35,73,68,823.80"	18541
11-Aug-20	EQ	"16,725.00"	"16,785.65"	"16,581.00"	"16,665.75"	"16,667.90"	"16,622.80"	"16,691.27"	"18,369.95"	"11,820.05"	37873	"63,21,48,491.35"	8888
10-Aug-20	EQ	"16,789.95"	"16,859.95"	"16,640.00"	"16,788.60"	"16,650.00"	"16,665.75"	"16,735.22"	"18,369.95"	"11,820.05"	64149	"1,07,35,47,389.40"	17015
07-Aug-20	EQ	"16,668.90"	"16,899.00"	"16,555.90"	"16,677.15"	"16,759.00"	"16,788.60"	"16,749.46"	"18,369.95"	"11,490.00"	88450	"1,48,14,89,375.95"	24079
06-Aug-20	EQ	"16,600.00"	"16,700.00"	"16,450.00"	"16,503.35"	"16,661.00"	"16,677.15"	"16,569.95"	"18,369.95"	"11,490.00"	105889	"1,75,45,75,474.95"	25076
05-Aug-20	EQ	"16,630.00"	"16,643.95"	"16,460.00"	"16,580.00"	"16,499.85"	"16,503.35"	"16,516.59"	"18,369.95"	"11,490.00"	97765	"1,61,47,44,837.25"	18887
04-Aug-20	EQ	"16,635.30"	"16,648.55"	"16,413.85"	"16,524.80"	"16,580.00"	"16,580.00"	"16,514.94"	"18,369.95"	"11,490.00"	110049	"1,81,74,52,985.30"	21318
03-Aug-20	EQ	"16,528.00"	"16,600.00"	"16,350.00"	"16,522.20"	"16,540.00"	"16,524.80"	"16,476.12"	"18,369.95"	"11,490.00"	115844	"1,90,86,59,273.10"	26228
31-Jul-20	EQ	"16,526.00"	"16,674.25"	"16,432.20"	"16,524.00"	"16,535.95"	"16,522.20"	"16,555.32"	"18,369.95"	"11,322.45"	147940	"2,44,91,93,404.95"	31426
30-Jul-20	EQ	"16,740.00"	"16,771.95"	"16,451.10"	"16,597.85"	"16,540.00"	"16,524.00"	"16,604.83"	"18,369.95"	"11,322.45"	128484	"2,13,34,54,614.70"	30720
29-Jul-20	EQ	"16,999.95"	"17,199.00"	"16,510.60"	"17,095.40"	"16,669.95"	"16,597.85"	"16,714.01"	"18,369.95"	"11,322.45"	450505	"7,52,97,46,159.65"	76581
28-Jul-20	EQ	"17,407.00"	"17,474.65"	"17,007.70"	"17,350.25"	"17,103.05"	"17,095.40"	"17,223.71"	"18,369.95"	"11,322.45"	158968	"2,73,80,18,808.15"	30172
27-Jul-20	EQ	"17,300.00"	"17,414.95"	"17,211.90"	"17,251.85"	"17,369.00"	"17,350.25"	"17,314.66"	"18,369.95"	"11,322.45"	103843	"1,79,80,06,370.00"	19956
24-Jul-20	EQ	"17,125.10"	"17,410.00"	"16,960.00"	"17,256.40"	"17,250.00"	"17,251.85"	"17,122.17"	"18,369.95"	"11,265.00"	207281	"3,54,91,00,313.10"	28678
23-Jul-20	EQ	"17,120.00"	"17,298.95"	"17,050.00"	"17,151.85"	"17,265.00"	"17,256.40"	"17,169.30"	"18,369.95"	"11,265.00"	106941	"1,83,61,02,519.10"	18927
22-Jul-20	EQ	"17,350.00"	"17,440.00"	"17,001.05"	"17,275.60"	"17,025.00"	"17,151.85"	"17,195.34"	"18,369.95"	"11,265.00"	156478	"2,69,06,93,048.90"	22863
21-Jul-20	EQ	"17,350.00"	"17,494.95"	"17,208.05"	"17,247.00"	"17,328.35"	"17,275.60"	"17,336.43"	"18,369.95"	"11,265.00"	211186	"3,66,12,11,920.85"	24169
20-Jul-20	EQ	"17,324.00"	"17,370.00"	"17,070.60"	"17,229.95"	"17,300.00"	"17,247.00"	"17,232.99"	"18,369.95"	"11,265.00"	196577	"3,38,76,09,075.00"	26215
17-Jul-20	EQ	"17,494.00"	"17,620.00"	"17,165.00"	"17,495.65"	"17,239.00"	"17,229.95"	"17,347.76"	"18,369.95"	"11,265.00"	125138	"2,17,08,64,493.95"	27381
16-Jul-20	EQ	"16,926.00"	"17,764.60"	"16,760.00"	"16,908.75"	"17,457.20"	"17,495.65"	"17,256.47"	"18,369.95"	"11,265.00"	296541	"5,11,72,50,271.40"	45424
15-Jul-20	EQ	"16,940.00"	"17,143.00"	"16,740.00"	"16,895.80"	"16,900.10"	"16,908.75"	"16,857.13"	"18,369.95"	"11,265.00"	126521	"2,13,27,81,214.70"	22614
14-Jul-20	EQ	"16,949.00"	"17,115.15"	"16,852.00"	"16,956.85"	"16,852.00"	"16,895.80"	"16,970.95"	"18,369.95"	"11,265.00"	75853	"1,28,72,97,565.10"	15846
13-Jul-20	EQ	"16,885.00"	"17,098.00"	"16,875.05"	"16,833.10"	"16,950.00"	"16,956.85"	"16,980.11"	"18,369.95"	"11,265.00"	114029	"1,93,62,24,540.00"	21470
10-Jul-20	EQ	"16,759.10"	"16,874.95"	"16,628.00"	"16,759.10"	"16,820.00"	"16,833.10"	"16,758.05"	"18,369.95"	"11,265.00"	133611	"2,23,90,59,355.70"	25724
09-Jul-20	EQ	"16,840.00"	"16,965.95"	"16,681.00"	"16,802.05"	"16,775.00"	"16,759.10"	"16,783.94"	"18,369.95"	"11,265.00"	91896	"1,54,23,76,985.45"	23081
08-Jul-20	EQ	"16,936.00"	"17,150.00"	"16,737.00"	"16,912.40"	"16,794.40"	"16,802.05"	"16,909.32"	"18,369.95"	"11,265.00"	218721	"3,69,84,22,798.85"	39933
07-Jul-20	EQ	"16,855.00"	"16,950.00"	"16,730.05"	"16,802.00"	"16,864.00"	"16,912.40"	"16,849.35"	"18,369.95"	"11,265.00"	141356	"2,38,17,56,669.35"	34666
06-Jul-20	EQ	"16,755.00"	"16,842.00"	"16,686.95"	"16,695.60"	"16,810.05"	"16,802.00"	"16,765.59"	"18,369.95"	"11,265.00"	98338	"1,64,86,94,830.75"	19506
03-Jul-20	EQ	"16,813.80"	"16,990.00"	"16,650.00"	"16,789.35"	"16,694.00"	"16,695.60"	"16,730.52"	"18,369.95"	"11,265.00"	181658	"3,03,92,31,986.45"	35000
02-Jul-20	EQ	"16,985.00"	"16,985.00"	"16,661.10"	"16,798.85"	"16,770.05"	"16,789.35"	"16,791.45"	"18,369.95"	"11,265.00"	147010	"2,46,85,10,569.15"	33279
01-Jul-20	EQ	"17,205.00"	"17,205.00"	"16,720.00"	"17,174.45"	"16,820.00"	"16,798.85"	"16,830.89"	"18,369.95"	"11,265.00"	216945	"3,65,13,78,270.95"	44154
30-Jun-20	EQ	"16,799.00"	"17,298.00"	"16,753.90"	"16,724.85"	"17,150.00"	"17,174.45"	"17,077.34"	"18,369.95"	"11,265.00"	201034	"3,43,31,25,712.75"	44766
29-Jun-20	EQ	"16,740.00"	"16,980.60"	"16,540.00"	"16,677.50"	"16,715.00"	"16,724.85"	"16,780.40"	"18,369.95"	"11,265.00"	169646	"2,84,67,27,363.60"	34323
26-Jun-20	EQ	"16,850.00"	"16,930.00"	"16,630.00"	"16,787.00"	"16,707.50"	"16,677.50"	"16,735.08"	"18,369.95"	"11,265.00"	110342	"1,84,65,82,059.65"	20376
25-Jun-20	EQ	"16,590.30"	"16,850.00"	"16,565.00"	"16,707.95"	"16,800.00"	"16,787.00"	"16,790.45"	"18,369.95"	"11,265.00"	169666	"2,84,87,69,158.55"	25236
24-Jun-20	EQ	"16,660.00"	"16,860.00"	"16,519.15"	"16,548.45"	"16,730.00"	"16,707.95"	"16,739.68"	"18,369.95"	"11,265.00"	201086	"3,36,61,14,832.80"	38365
23-Jun-20	EQ	"16,289.80"	"16,720.00"	"16,210.05"	"16,140.80"	"16,570.00"	"16,548.45"	"16,519.95"	"18,369.95"	"11,265.00"	244735	"4,04,30,10,075.45"	47734
22-Jun-20	EQ	"16,290.00"	"16,290.00"	"16,065.00"	"16,094.85"	"16,185.00"	"16,140.80"	"16,130.21"	"18,369.95"	"11,265.00"	135920	"2,19,24,17,691.90"	26045
19-Jun-20	EQ	"16,290.00"	"16,305.65"	"16,052.20"	"16,178.95"	"16,100.00"	"16,094.85"	"16,119.43"	"18,369.95"	"11,265.00"	168895	"2,72,24,91,616.00"	38086
18-Jun-20	EQ	"16,218.50"	"16,300.00"	"16,054.60"	"16,198.15"	"16,211.00"	"16,178.95"	"16,122.77"	"18,369.95"	"11,265.00"	158448	"2,55,46,21,112.50"	33008
17-Jun-20	EQ	"16,345.00"	"16,440.00"	"16,115.15"	"16,342.10"	"16,200.00"	"16,198.15"	"16,218.65"	"18,369.95"	"11,265.00"	126959	"2,05,91,04,175.75"	32034
16-Jun-20	EQ	"16,598.00"	"16,598.00"	"16,270.00"	"16,400.30"	"16,355.00"	"16,342.10"	"16,432.23"	"18,369.95"	"11,265.00"	193237	"3,17,53,14,806.30"	30103
15-Jun-20	EQ	"16,500.00"	"16,650.00"	"16,370.00"	"16,496.30"	"16,400.00"	"16,400.30"	"16,460.19"	"18,369.95"	"11,265.00"	139654	"2,29,87,31,801.90"	34386
12-Jun-20	EQ	"16,300.00"	"16,717.10"	"16,300.00"	"16,608.25"	"16,500.00"	"16,496.30"	"16,526.47"	"18,369.95"	"11,265.00"	140678	"2,32,49,10,773.20"	35222
11-Jun-20	EQ	"16,550.00"	"16,850.00"	"16,535.75"	"16,534.70"	"16,600.00"	"16,608.25"	"16,705.35"	"18,369.95"	"11,265.00"	165132	"2,75,85,88,539.85"	37167
10-Jun-20	EQ	"16,650.00"	"16,832.00"	"16,410.00"	"16,552.55"	"16,599.75"	"16,534.70"	"16,656.38"	"18,369.95"	"11,265.00"	123440	"2,05,60,63,917.35"	27983
09-Jun-20	EQ	"16,652.00"	"16,985.00"	"16,521.00"	"16,836.20"	"16,570.00"	"16,552.55"	"16,721.55"	"18,369.95"	"11,265.00"	174685	"2,92,10,04,674.10"	36209
08-Jun-20	EQ	"17,250.00"	"17,250.00"	"16,790.00"	"17,096.85"	"16,820.00"	"16,836.20"	"16,932.19"	"18,369.95"	"11,265.00"	147070	"2,49,02,17,656.40"	30030
05-Jun-20	EQ	"17,317.00"	"17,460.00"	"16,956.55"	"17,196.60"	"17,067.80"	"17,096.85"	"17,135.54"	"18,369.95"	"11,265.00"	162096	"2,77,76,02,914.85"	26721
04-Jun-20	EQ	"17,406.90"	"17,546.55"	"17,148.05"	"17,407.55"	"17,194.65"	"17,196.60"	"17,253.19"	"18,369.95"	"11,265.00"	97631	"1,68,44,46,357.80"	22080
03-Jun-20	EQ	"17,175.00"	"17,521.95"	"17,152.00"	"17,014.45"	"17,470.00"	"17,407.55"	"17,376.24"	"18,369.95"	"11,265.00"	146102	"2,53,87,03,190.95"	34548
02-Jun-20	EQ	"17,477.00"	"17,477.00"	"16,972.00"	"17,183.45"	"17,005.80"	"17,014.45"	"17,100.70"	"18,369.95"	"11,265.00"	132201	"2,26,07,30,177.50"	34426
01-Jun-20	EQ	"17,540.80"	"17,749.00"	"17,111.00"	"17,540.80"	"17,169.00"	"17,183.45"	"17,434.15"	"18,369.95"	"11,265.00"	175301	"3,05,62,23,667.30"	35536
29-May-20	EQ	"16,950.00"	"17,600.00"	"16,784.55"	"16,989.15"	"17,530.00"	"17,540.80"	"17,311.51"	"18,369.95"	"10,700.00"	244466	"4,23,20,76,561.85"	49261
28-May-20	EQ	"16,716.50"	"17,030.00"	"16,680.00"	"16,716.50"	"16,950.00"	"16,989.15"	"16,821.14"	"18,369.95"	"10,700.00"	176289	"2,96,53,82,496.15"	33809
27-May-20	EQ	"16,700.00"	"16,820.00"	"16,487.10"	"16,655.15"	"16,652.30"	"16,716.50"	"16,707.48"	"18,369.95"	"10,700.00"	167533	"2,79,90,53,500.45"	33859
26-May-20	EQ	"16,380.00"	"16,750.00"	"16,324.40"	"16,215.15"	"16,680.00"	"16,655.15"	"16,578.83"	"18,369.95"	"10,700.00"	198692	"3,29,40,81,056.40"	38589
22-May-20	EQ	"16,296.00"	"16,396.80"	"16,150.00"	"16,295.45"	"16,219.00"	"16,215.15"	"16,222.28"	"18,369.95"	"10,493.95"	118300	"1,91,90,96,069.55"	22029
21-May-20	EQ	"16,330.00"	"16,505.00"	"16,265.00"	"16,303.40"	"16,287.00"	"16,295.45"	"16,365.47"	"18,369.95"	"10,493.95"	121080	"1,98,15,31,414.60"	31427
20-May-20	EQ	"16,241.00"	"16,594.95"	"16,151.00"	"16,150.30"	"16,317.90"	"16,303.40"	"16,387.03"	"18,369.95"	"10,493.95"	179539	"2,94,21,10,146.75"	42156
19-May-20	EQ	"16,280.20"	"16,415.80"	"16,108.65"	"16,240.35"	"16,153.00"	"16,150.30"	"16,239.43"	"18,369.95"	"10,493.95"	118144	"1,91,85,91,558.50"	30020
18-May-20	EQ	"16,441.00"	"16,575.00"	"16,162.20"	"16,443.80"	"16,232.25"	"16,240.35"	"16,269.12"	"18,369.95"	"10,493.95"	167962	"2,73,25,93,529.85"	41026
15-May-20	EQ	"16,500.00"	"16,550.00"	"16,201.95"	"16,242.50"	"16,397.00"	"16,443.80"	"16,367.69"	"18,369.95"	"10,120.05"	271603	"4,44,55,14,461.65"	57224
14-May-20	EQ	"16,600.00"	"16,850.00"	"16,201.00"	"16,512.35"	"16,333.90"	"16,242.50"	"16,509.11"	"18,369.95"	"10,120.05"	410272	"6,77,32,23,530.25"	86704
13-May-20	EQ	"17,750.00"	"17,750.00"	"16,400.00"	"17,461.95"	"16,550.00"	"16,512.35"	"16,849.36"	"18,369.95"	"10,120.05"	562034	"9,46,99,12,586.40"	122364
12-May-20	EQ	"17,609.00"	"17,777.00"	"17,385.00"	"17,562.10"	"17,455.35"	"17,461.95"	"17,520.44"	"18,369.95"	"10,120.05"	238937	"4,18,62,80,982.85"	51356
11-May-20	EQ	"17,770.00"	"17,920.00"	"17,490.00"	"17,802.95"	"17,569.00"	"17,562.10"	"17,697.31"	"18,369.95"	"10,120.05"	184032	"3,25,68,71,472.30"	48224
08-May-20	EQ	"17,350.00"	"17,820.00"	"17,201.50"	"17,142.45"	"17,756.80"	"17,802.95"	"17,631.45"	"18,369.95"	"10,120.05"	179200	"3,15,95,55,664.85"	44169
07-May-20	EQ	"17,200.00"	"17,280.00"	"16,825.25"	"17,309.30"	"17,122.45"	"17,142.45"	"17,071.90"	"18,369.95"	"10,120.05"	209078	"3,56,93,58,550.55"	54463
06-May-20	EQ	"17,421.50"	"17,617.10"	"17,270.00"	"17,421.50"	"17,296.00"	"17,309.30"	"17,436.29"	"18,369.95"	"10,120.05"	135509	"2,36,27,74,611.65"	33400
05-May-20	EQ	"17,571.00"	"17,636.95"	"17,100.00"	"17,456.45"	"17,485.00"	"17,421.50"	"17,363.30"	"18,369.95"	"10,120.05"	130682	"2,26,90,70,272.90"	32709
04-May-20	EQ	"17,420.50"	"17,728.15"	"17,360.05"	"17,924.65"	"17,456.50"	"17,456.45"	"17,512.95"	"18,369.95"	"10,120.05"	118975	"2,08,36,03,198.30"	34234
30-Apr-20	EQ	"17,700.00"	"18,000.00"	"17,512.00"	"17,489.70"	"17,899.00"	"17,924.65"	"17,763.49"	"18,369.95"	"10,120.05"	158370	"2,81,32,04,085.60"	41610
29-Apr-20	EQ	"17,748.00"	"17,748.00"	"17,400.00"	"17,569.65"	"17,510.00"	"17,489.70"	"17,587.39"	"18,369.95"	"10,120.05"	105243	"1,85,09,49,480.75"	29067
28-Apr-20	EQ	"17,976.50"	"18,022.95"	"17,501.00"	"17,950.80"	"17,575.00"	"17,569.65"	"17,639.08"	"18,369.95"	"10,120.05"	107549	"1,89,70,64,895.60"	37245
27-Apr-20	EQ	"17,585.00"	"18,015.00"	"17,425.00"	"17,406.05"	"17,999.00"	"17,950.80"	"17,743.74"	"18,369.95"	"10,120.05"	121986	"2,16,44,87,451.30"	38073
24-Apr-20	EQ	"17,300.00"	"17,800.00"	"17,300.00"	"17,436.05"	"17,379.95"	"17,406.05"	"17,589.25"	"18,369.95"	"10,120.05"	145116	"2,55,24,81,410.20"	36314
23-Apr-20	EQ	"17,599.95"	"17,800.00"	"17,306.00"	"17,642.05"	"17,396.00"	"17,436.05"	"17,537.16"	"18,369.95"	"10,120.05"	187100	"3,28,12,02,824.05"	59227
22-Apr-20	EQ	"17,008.35"	"17,700.00"	"16,817.20"	"17,015.35"	"17,608.00"	"17,642.05"	"17,435.47"	"18,369.95"	"10,120.05"	202241	"3,52,61,67,306.30"	54346
21-Apr-20	EQ	"16,800.00"	"17,240.00"	"16,700.00"	"16,976.40"	"16,990.00"	"17,015.35"	"17,083.18"	"18,369.95"	"10,120.05"	133756	"2,28,49,77,410.60"	42770
20-Apr-20	EQ	"17,489.80"	"17,489.80"	"16,930.00"	"17,324.30"	"16,998.00"	"16,976.40"	"17,079.97"	"18,369.95"	"10,120.05"	135197	"2,30,91,60,074.85"	41884
17-Apr-20	EQ	"18,369.95"	"18,369.95"	"17,223.40"	"17,895.25"	"17,376.15"	"17,324.30"	"17,575.57"	"18,369.95"	"10,120.05"	187271	"3,29,13,94,183.80"	59930
16-Apr-20	EQ	"17,320.00"	"18,001.65"	"17,052.15"	"17,325.90"	"17,850.00"	"17,895.25"	"17,687.30"	"18,001.65"	"10,120.05"	225740	"3,99,27,30,572.55"	65752
15-Apr-20	EQ	"16,657.10"	"17,391.00"	"16,657.10"	"16,599.95"	"17,320.00"	"17,325.90"	"17,199.02"	"17,544.05"	"10,120.05"	155579	"2,67,58,05,593.05"	46014
13-Apr-20	EQ	"16,845.00"	"16,974.00"	"16,330.15"	"16,839.70"	"16,610.00"	"16,599.95"	"16,604.25"	"17,544.05"	"10,120.05"	83132	"1,38,03,44,174.55"	20941
09-Apr-20	EQ	"17,436.95"	"17,544.00"	"16,575.00"	"16,871.25"	"16,813.95"	"16,839.70"	"17,025.57"	"17,544.05"	"10,120.05"	207510	"3,53,29,75,950.15"	61918
08-Apr-20	EQ	"16,650.00"	"17,544.05"	"16,555.45"	"17,038.65"	"16,900.00"	"16,871.25"	"17,161.06"	"17,544.05"	"10,120.05"	248445	"4,26,35,79,054.70"	72646
07-Apr-20	EQ	"15,575.00"	"17,200.00"	"15,426.05"	"15,104.65"	"16,850.00"	"17,038.65"	"16,444.28"	"17,200.00"	"10,120.05"	246901	"4,06,01,08,748.45"	71091
03-Apr-20	EQ	"15,939.70"	"15,939.70"	"15,005.00"	"15,654.55"	"15,070.00"	"15,104.65"	"15,288.60"	"16,835.15"	"10,120.05"	190780	"2,91,67,60,035.70"	57967
01-Apr-20	EQ	"16,300.25"	"16,456.00"	"15,500.00"	"16,300.60"	"15,670.00"	"15,654.55"	"15,843.66"	"16,835.15"	"10,120.05"	127512	"2,02,02,56,192.75"	37981
